query,stock_name,stock_code,pass_count,error,created_at
삼성전자,삼성전자,5930.0,0,,2025-05-02 16:17:57
삼성전자,삼성전자,5930.0,0,,2025-05-02 16:51:38
삼성전자,삼성전자,5930.0,0,,2025-05-02 16:51:46
삼성전자,삼성전자,5930.0,0,,2025-05-02 16:51:52
삼성전자,삼성전자,5930.0,0,,2025-05-02 16:54:20
펩트론,펩트론,87010.0,8,,2025-05-03 13:46:45
제넥신,제넥신,95700.0,1,,2025-05-03 13:47:20
삼성,,,0,종목을 찾을 수 없습니다. 정확히 입력하거나 자동완성에서 선택해 주세요.,2025-05-03 17:31:04
삼성카드,삼성카드,29780.0,5,,2025-05-03 17:31:12
젬백스,젬백스,82270.0,8,,2025-05-03 17:31:30
SAMG엔터,SAMG엔터,419530.0,8,,2025-05-03 17:32:31
JYP Ent.,JYP Ent.,35900.0,8,,2025-05-03 17:32:54
한화시스템,한화시스템,272210.0,8,,2025-05-03 17:49:59
에코바이오,에코바이오,38870.0,3,,2025-05-04 05:30:23
두산에너빌리티,두산에너빌리티,34020.0,8,,2025-05-04 08:44:11
HD현대미포,HD현대미포,10620.0,8,,2025-05-04 14:16:48
HD현대미포,HD현대미포,10620.0,8,,2025-05-04 14:40:43
SAMG엔터,SAMG엔터,419530.0,8,,2025-05-04 14:41:06
젬백스,젬백스,82270.0,8,,2025-05-04 14:41:28
두산에너빌리티,두산에너빌리티,34020.0,8,,2025-05-04 14:41:46
삼성전자,삼성전자,5930.0,0,,2025-05-04 14:42:50
형지,,,0,종목을 찾을 수 없습니다. 정확히 입력하거나 자동완성에서 선택해 주세요.,2025-05-04 14:49:41
형지I&C,형지I&C,11080.0,8,,2025-05-04 14:49:51
형지I&C,형지I&C,11080.0,8,,2025-05-04 14:49:52
형지I&C,형지I&C,11080.0,8,,2025-05-04 14:49:53
루미르,,,0,RS 데이터가 없습니다.,2025-05-04 14:51:24
루미르,,,0,RS 데이터가 없습니다.,2025-05-04 14:51:25
005930,삼성전자,5930.0,0,,2025-05-04 14:51:39
폴라리스AI,폴라리스AI,39980.0,3,,2025-05-04 14:51:40
폴라리스AI,폴라리스AI,39980.0,3,,2025-05-04 14:51:41
HD한국조선해양,HD한국조선해양,9540.0,8,,2025-05-04 14:53:18
HD한국조선해양,HD한국조선해양,9540.0,8,,2025-05-04 14:53:20
005930,삼성전자,5930.0,0,,2025-05-04 14:54:37
005930,삼성전자,5930.0,0,,2025-05-04 14:54:47
글로벌텍스프리,글로벌텍스프리,204620.0,8,,2025-05-04 14:54:49
005930,삼성전자,5930.0,0,,2025-05-04 14:54:52
005930,삼성전자,5930.0,0,,2025-05-04 14:54:53
005930,삼성전자,5930.0,0,,2025-05-04 14:55:02
347850,,,0,RS 데이터가 없습니다.,2025-05-04 14:56:07
애플,,,0,종목을 찾을 수 없습니다. 정확히 입력하거나 자동완성에서 선택해 주세요.,2025-05-04 14:56:23
디앤디파마텍,,,0,RS 데이터가 없습니다.,2025-05-04 14:56:26
효성중공업,효성중공업,298040.0,8,,2025-05-04 14:56:30
효성중공업,효성중공업,298040.0,8,,2025-05-04 14:56:31
효성중공업,효성중공업,298040.0,8,,2025-05-04 14:56:32
삼성전자,삼성전자,5930.0,0,,2025-05-04 14:56:36
테슬라 ,,,0,종목을 찾을 수 없습니다. 정확히 입력하거나 자동완성에서 선택해 주세요.,2025-05-04 14:56:51
상지건설,상지건설,42940.0,6,,2025-05-04 14:56:59
오스코텍,오스코텍,39200.0,1,,2025-05-04 14:58:05
삼성전자,삼성전자,5930.0,0,,2025-05-04 14:58:10
디앤디파마텍,,,0,RS 데이터가 없습니다.,2025-05-04 14:58:16
파마리서치,파마리서치,214450.0,8,,2025-05-04 15:05:28
005930,삼성전자,5930.0,0,,2025-05-04 15:06:49
005939,,,0,종목을 찾을 수 없습니다. 정확히 입력하거나 자동완성에서 선택해 주세요.,2025-05-04 15:09:06
삼성전자,삼성전자,5930.0,0,,2025-05-04 15:09:53
Soxl,,,0,종목을 찾을 수 없습니다. 정확히 입력하거나 자동완성에서 선택해 주세요.,2025-05-04 15:15:05
한화,한화,880.0,8,,2025-05-04 15:15:17
한화오션,한화오션,42660.0,8,,2025-05-04 15:15:19
삼성전자,삼성전자,5930.0,0,,2025-05-04 15:16:32
삼성전자,삼성전자,5930.0,0,,2025-05-04 15:16:33
한화,한화,880.0,8,,2025-05-04 15:18:12
삼성전자,삼성전자,5930.0,0,,2025-05-04 15:18:32
한화오션,한화오션,42660.0,8,,2025-05-04 15:18:35
005930,삼성전자,5930.0,0,,2025-05-04 15:19:41
005930,삼성전자,5930.0,0,,2025-05-04 15:19:42
tp,,,0,종목을 찾을 수 없습니다. 정확히 입력하거나 자동완성에서 선택해 주세요.,2025-05-04 15:20:24
TP,TP,7980.0,0,,2025-05-04 15:20:32
TP,TP,7980.0,0,,2025-05-04 15:20:33
삼성중공업,삼성중공업,10140.0,8,,2025-05-04 15:20:50
하이브,하이브,352820.0,8,,2025-05-04 15:22:39
하이브,하이브,352820.0,8,,2025-05-04 15:22:40
효성중공업,효성중공업,298040.0,8,,2025-05-04 15:22:57
효성중공업,효성중공업,298040.0,8,,2025-05-04 15:22:58
지니언스,지니언스,263860.0,8,,2025-05-04 15:22:59
지니언스,지니언스,263860.0,8,,2025-05-04 15:23:01
퍼스텍,퍼스텍,10820.0,8,,2025-05-04 15:23:12
큐리옥스바이오시스템즈,큐리옥스바이오시스템즈,445680.0,4,,2025-05-04 15:23:24
큐리옥스바이오시스템즈,큐리옥스바이오시스템즈,445680.0,4,,2025-05-04 15:23:25
펌텍코리아,펌텍코리아,251970.0,8,,2025-05-04 15:23:54
펌텍코리아,펌텍코리아,251970.0,8,,2025-05-04 15:23:54
삼성중공업,삼성중공업,10140.0,8,,2025-05-04 15:24:08
삼성중공업,삼성중공업,10140.0,8,,2025-05-04 15:24:10
삼성중공업,삼성중공업,10140.0,8,,2025-05-04 15:24:11
알테오젠,알테오젠,196170.0,6,,2025-05-04 15:24:30
오스코텍,오스코텍,39200.0,1,,2025-05-04 15:24:50
오스코텍,오스코텍,39200.0,1,,2025-05-04 15:24:51
오파스넷,오파스넷,173130.0,2,,2025-05-04 15:25:04
오파스넷,오파스넷,173130.0,2,,2025-05-04 15:25:06
클래시스,클래시스,214150.0,8,,2025-05-04 15:25:10
현대로템,현대로템,64350.0,8,,2025-05-04 15:25:24
현대로템,현대로템,64350.0,8,,2025-05-04 15:25:25
현대로템,현대로템,64350.0,8,,2025-05-04 15:25:42
현대로템,현대로템,64350.0,8,,2025-05-04 15:25:43
클래시스,클래시스,214150.0,8,,2025-05-04 15:26:11
현대로템,현대로템,64350.0,8,,2025-05-04 15:26:23
파마리서치,파마리서치,214450.0,8,,2025-05-04 15:26:42
한화엔진,한화엔진,82740.0,8,,2025-05-04 15:29:01
한화오션,한화오션,42660.0,8,,2025-05-04 15:29:39
한화오션,한화오션,42660.0,8,,2025-05-04 15:29:40
Ls,,,0,종목을 찾을 수 없습니다. 정확히 입력하거나 자동완성에서 선택해 주세요.,2025-05-04 15:30:42
006260,LS,6260.0,5,,2025-05-04 15:31:18
006260,LS,6260.0,5,,2025-05-04 15:31:20
글로벌텍스프리,글로벌텍스프리,204620.0,8,,2025-05-04 15:32:03
삼성제약,삼성제약,1360.0,0,,2025-05-04 15:36:15
298040,효성중공업,298040.0,8,,2025-05-04 15:42:15
298040,효성중공업,298040.0,8,,2025-05-04 15:42:16
이크레더블,이크레더블,92130.0,7,,2025-05-04 15:43:05
펌텍코리아,펌텍코리아,251970.0,8,,2025-05-04 15:43:26
애니플러스,애니플러스,310200.0,7,,2025-05-04 15:43:40
디어유,디어유,376300.0,8,,2025-05-04 15:45:27
노머스,,,0,RS 데이터가 없습니다.,2025-05-04 15:45:39
노머스,,,0,RS 데이터가 없습니다.,2025-05-04 15:45:48
에스엠,에스엠,41510.0,8,,2025-05-04 15:46:03
호텔신라,호텔신라,8770.0,2,,2025-05-04 16:09:47
에스엠,에스엠,41510.0,8,,2025-05-04 16:10:19
에스엠,에스엠,41510.0,8,,2025-05-04 16:10:20
JYP Ent.,JYP Ent.,35900.0,8,,2025-05-04 16:10:33
JYP Ent.,JYP Ent.,35900.0,8,,2025-05-04 16:10:34
신영증권,신영증권,1720.0,8,,2025-05-04 16:11:02
롯데관광개발,롯데관광개발,32350.0,5,,2025-05-04 16:12:56
오리온홀딩스,오리온홀딩스,1800.0,8,,2025-05-04 16:13:35
오리온홀딩스,오리온홀딩스,1800.0,8,,2025-05-04 16:13:36
삼성물산,삼성물산,28260.0,2,,2025-05-04 16:14:09
KPX홀딩스,KPX홀딩스,92230.0,5,,2025-05-04 16:14:38
KPX홀딩스,KPX홀딩스,92230.0,5,,2025-05-04 16:14:40
아이씨티케이,,,0,RS 데이터가 없습니다.,2025-05-04 16:15:11
파라다이스,파라다이스,34230.0,5,,2025-05-04 16:15:29
파라다이스,파라다이스,34230.0,5,,2025-05-04 16:15:30
노루홀딩스,노루홀딩스,320.0,8,,2025-05-04 16:15:55
노루홀딩스,노루홀딩스,320.0,8,,2025-05-04 16:15:56
농심홀딩스,농심홀딩스,72710.0,3,,2025-05-04 16:16:22
스튜디오드래곤,스튜디오드래곤,253450.0,8,,2025-05-04 16:16:48
스튜디오드래곤,스튜디오드래곤,253450.0,8,,2025-05-04 16:16:49
삼성증권,삼성증권,16360.0,8,,2025-05-04 16:17:08
005930,삼성전자,5930.0,0,,2025-05-04 16:38:56
효성중공업,효성중공업,298040.0,8,,2025-05-04 16:39:13
효성중공업,효성중공업,298040.0,8,,2025-05-04 16:39:14
한화에어로스페이스,한화에어로스페이스,12450.0,8,,2025-05-04 16:40:22
005930,삼성전자,5930.0,0,,2025-05-04 16:48:12
HD한국조선해양,HD한국조선해양,9540.0,8,,2025-05-04 16:48:32
HD한국조선해양,HD한국조선해양,9540.0,8,,2025-05-04 16:48:33
에스엠,에스엠,41510.0,8,,2025-05-04 16:49:03
제닉,제닉,123330.0,8,,2025-05-04 17:14:25
LS ELECTRIC,LS ELECTRIC,10120.0,5,,2025-05-04 17:34:05
지엔씨에너지,지엔씨에너지,119850.0,8,,2025-05-04 18:05:17
주성엔지니어링,주성엔지니어링,36930.0,5,,2025-05-04 18:05:49
204620,글로벌텍스프리,204620.0,8,,2025-05-04 19:06:27
동성화인텍,동성화인텍,33500.0,8,,2025-05-04 19:06:49
동성화인텍,동성화인텍,33500.0,8,,2025-05-04 19:06:51
동성화인텍,동성화인텍,33500.0,8,,2025-05-04 19:06:52
한화에어로스페이스,한화에어로스페이스,12450.0,8,,2025-05-04 19:07:06
노머스,,,0,RS 데이터가 없습니다.,2025-05-04 19:07:14
노머스,,,0,RS 데이터가 없습니다.,2025-05-04 19:07:20
노머스,,,0,RS 데이터가 없습니다.,2025-05-04 19:07:21
클래시스,클래시스,214150.0,8,,2025-05-04 19:07:26
클래시스,클래시스,214150.0,8,,2025-05-04 19:07:28
쎄트렉아이,쎄트렉아이,99320.0,6,,2025-05-04 19:07:49
비에이치아이,비에이치아이,83650.0,8,,2025-05-04 19:08:47
에스엠,에스엠,41510.0,8,,2025-05-04 19:09:19
삼성전자,삼성전자,5930.0,0,,2025-05-04 19:34:27
지엔씨에너지,지엔씨에너지,119850.0,8,,2025-05-04 19:39:36
지엔씨에너지,지엔씨에너지,119850.0,8,,2025-05-04 19:39:37
삼성전자,삼성전자,5930.0,0,,2025-05-04 20:37:06
삼성전자,삼성전자,5930.0,0,,2025-05-04 20:37:07
효성중공업,효성중공업,298040.0,8,,2025-05-04 20:37:46
효성중공업,효성중공업,298040.0,8,,2025-05-04 20:37:48
효성중공업,효성중공업,298040.0,8,,2025-05-04 20:47:36
효성중공업,효성중공업,298040.0,8,,2025-05-04 20:47:36
오리엔트정공,오리엔트정공,65500.0,6,,2025-05-04 21:17:36
올릭스,올릭스,226950.0,8,,2025-05-04 21:20:47
클로봇,,,0,RS 데이터가 없습니다.,2025-05-04 22:07:58
클로봇,,,0,RS 데이터가 없습니다.,2025-05-04 22:07:59
한화오션,한화오션,42660.0,8,,2025-05-04 22:13:20
한화오션,한화오션,42660.0,8,,2025-05-04 22:13:21
클로봇,,,0,RS 데이터가 없습니다.,2025-05-04 22:13:42
비에치아이,,,0,종목을 찾을 수 없습니다. 정확히 입력하거나 자동완성에서 선택해 주세요.,2025-05-04 22:13:55
비에이치아이,비에이치아이,83650.0,8,,2025-05-04 22:14:04
삼지전자,삼지전자,37460.0,8,,2025-05-04 22:23:27
아셈스,아셈스,136410.0,8,,2025-05-04 22:23:56
셀트리온,셀트리온,68270.0,1,,2025-05-04 22:24:29
두산에너빌리티,두산에너빌리티,34020.0,8,,2025-05-04 22:30:37
삼성전자,삼성전자,5930.0,0,,2025-05-04 22:31:29
기아,기아,270.0,0,,2025-05-04 22:31:49
한화에너지,한화,880.0,8,,2025-05-04 22:32:02
웅진씽크빅,웅진씽크빅,95720.0,1,,2025-05-04 22:42:17
웅진,웅진,16880.0,5,,2025-05-04 22:42:38
퓨얼샐,,,0,종목을 찾을 수 없습니다. 정확히 입력하거나 자동완성에서 선택해 주세요.,2025-05-04 22:44:41
효성중공업,효성중공업,298040.0,8,,2025-05-04 22:46:30
지엔씨에너지,지엔씨에너지,119850.0,8,,2025-05-04 22:57:53
삼성전자,삼성전자,5930.0,0,,2025-05-04 23:58:48
삼성존저,,,0,종목을 찾을 수 없습니다. 정확히 입력하거나 자동완성에서 선택해 주세요.,2025-05-05 00:11:51
삼성전자,삼성전자,5930.0,0,,2025-05-05 00:12:03
글로벌텍스프리,글로벌텍스프리,204620.0,8,,2025-05-05 00:15:44
HD현대일렉트릭,HD현대일렉트릭,267260.0,4,,2025-05-05 00:36:50
HD현대일렉트릭,HD현대일렉트릭,267260.0,4,,2025-05-05 00:36:51
인벤티지랩,인벤티지랩,389470.0,8,,2025-05-05 00:37:03
제룡전기,제룡전기,33100.0,0,,2025-05-05 00:38:37
삼성전자,삼성전자,5930.0,0,,2025-05-05 00:46:56
삼성전자,삼성전자,5930.0,0,,2025-05-05 01:23:49
한화에어로스페이스,한화에어로스페이스,12450.0,8,,2025-05-05 03:45:49
카페24,카페24,42000.0,8,,2025-05-05 03:46:08
카페24,카페24,42000.0,8,,2025-05-05 03:46:09
글로벌텍스프리,글로벌텍스프리,204620.0,8,,2025-05-05 03:46:17
글로벌텍스프리,글로벌텍스프리,204620.0,8,,2025-05-05 03:46:18
고려아연,고려아연,10130.0,5,,2025-05-05 03:46:24
삼성전자,삼성전자,5930.0,0,,2025-05-05 03:46:41
삼성전자,삼성전자,5930.0,0,,2025-05-05 03:46:42
한국콜마,한국콜마,161890.0,7,,2025-05-05 04:07:42
삼양식품,삼양식품,3230.0,8,,2025-05-05 04:23:25
005930,삼성전자,5930.0,0,,2025-05-05 05:24:57
025540,한국단자,25540.0,2,,2025-05-05 05:25:25
삼성전자,삼성전자,5930.0,0,,2025-05-05 05:49:49
삼성전자,삼성전자,5930.0,0,,2025-05-05 05:49:51
한미반도체,한미반도체,42700.0,0,,2025-05-05 05:50:04
삼성바이오로직스,삼성바이오로직스,207940.0,8,,2025-05-05 06:16:09
삼성바이오로직스,삼성바이오로직스,207940.0,8,,2025-05-05 06:16:10
하나30호스팩,하나30호스팩,469880.0,2,,2025-05-05 06:18:51
LIG넥스원,LIG넥스원,79550.0,8,,2025-05-05 06:21:29
브이티,브이티,18290.0,8,,2025-05-05 06:25:12
LS마린솔루션,LS마린솔루션,60370.0,4,,2025-05-05 06:26:58
원익QnC,원익QnC,74600.0,0,,2025-05-05 06:29:06
031820,아이티센씨티에스,31820.0,5,,2025-05-05 06:30:22
큐브엔터,큐브엔터,182360.0,8,,2025-05-05 06:31:19
제룡전기,제룡전기,33100.0,0,,2025-05-05 06:32:32
우리기술투자,우리기술투자,41190.0,1,,2025-05-05 06:33:30
우리기술투자,우리기술투자,41190.0,1,,2025-05-05 06:33:32
HD현대일렉트릭,HD현대일렉트릭,267260.0,4,,2025-05-05 06:34:23
풍산,풍산,103140.0,4,,2025-05-05 06:34:44
일진전기,일진전기,103590.0,5,,2025-05-05 06:35:34
일진전기,일진전기,103590.0,5,,2025-05-05 06:35:35
일진전기,일진전기,103590.0,5,,2025-05-05 06:35:37
ISC,ISC,95340.0,1,,2025-05-05 06:36:31
마이크로컨텍솔,마이크로컨텍솔,98120.0,8,,2025-05-05 06:37:20
오스테오닉,오스테오닉,226400.0,7,,2025-05-05 06:38:20
오스테오닉,오스테오닉,226400.0,7,,2025-05-05 06:38:21
케이에스피,케이에스피,73010.0,3,,2025-05-05 06:39:16
케이에스피,케이에스피,73010.0,3,,2025-05-05 06:39:24
한미반도체,한미반도체,42700.0,0,,2025-05-05 06:40:12
한미반도체,한미반도체,42700.0,0,,2025-05-05 06:40:13
한미반도체,한미반도체,42700.0,0,,2025-05-05 06:40:14
피에스케이홀딩스,피에스케이홀딩스,31980.0,0,,2025-05-05 06:40:52
현대코퍼레이션,현대코퍼레이션,11760.0,7,,2025-05-05 06:41:27
아이디스,아이디스,143160.0,5,,2025-05-05 06:42:22
아이디스,아이디스,143160.0,5,,2025-05-05 06:42:24
유니트론텍,유니트론텍,142210.0,6,,2025-05-05 06:43:27
네오오토,네오오토,212560.0,3,,2025-05-05 06:45:19
아이패밀리에스씨,아이패밀리에스씨,114840.0,2,,2025-05-05 06:45:48
태경비케이,태경비케이,14580.0,3,,2025-05-05 06:46:09
코리아에프티,코리아에프티,123410.0,0,,2025-05-05 06:46:30
메리츠금융지주,메리츠금융지주,138040.0,8,,2025-05-05 06:46:53
메리츠금융지주,메리츠금융지주,138040.0,8,,2025-05-05 06:46:54
SNT다이내믹스,SNT다이내믹스,3570.0,8,,2025-05-05 06:47:48
파마리서치,파마리서치,214450.0,8,,2025-05-05 06:48:41
구영테크,구영테크,53270.0,2,,2025-05-05 06:49:25
삼목에스폼,삼목에스폼,18310.0,4,,2025-05-05 06:50:14
삼목에스폼,삼목에스폼,18310.0,4,,2025-05-05 06:50:15
기아,기아,270.0,0,,2025-05-05 06:50:36
하이닉스,이닉스,452400.0,0,,2025-05-05 07:28:04
삼성전자,삼성전자,5930.0,0,,2025-05-05 08:19:06
화승코퍼레이션,화승코퍼레이션,13520.0,5,,2025-05-05 08:20:27
메디톡스,메디톡스,86900.0,6,,2025-05-05 08:20:43
한ㅇ솨오션,,,0,종목을 찾을 수 없습니다. 정확히 입력하거나 자동완성에서 선택해 주세요.,2025-05-05 08:41:44
한화오션,한화오션,42660.0,8,,2025-05-05 08:41:53
005930,삼성전자,5930.0,0,,2025-05-05 09:32:21
005930,삼성전자,5930.0,0,,2025-05-05 09:32:22
아이패밀리에스씨,아이패밀리에스씨,114840.0,2,,2025-05-05 11:08:16
005930,삼성전자,5930.0,0,,2025-05-05 13:36:53
005930,삼성전자,5930.0,0,,2025-05-05 13:36:56
산일전기,,,0,RS 데이터가 없습니다.,2025-05-05 13:37:15
SK하이닉스,SK하이닉스,660.0,2,,2025-05-05 13:37:29
한미반도체,한미반도체,42700.0,0,,2025-05-05 13:38:34
TRIP,,,0,종목을 찾을 수 없습니다. 정확히 입력하거나 자동완성에서 선택해 주세요.,2025-05-05 13:45:26
삼성전자,삼성전자,5930.0,0,,2025-05-05 17:16:01
삼성전자,삼성전자,5930.0,0,,2025-05-05 17:16:26
두산에너빌리티,두산에너빌리티,34020.0,8,,2025-05-05 17:28:25
파크시스템스,파크시스템스,140860.0,5,,2025-05-06 00:51:49
파크시스템스,파크시스템스,140860.0,5,,2025-05-06 00:51:50
덴티움,덴티움,145720.0,2,,2025-05-06 00:52:18
덴티움,덴티움,145720.0,2,,2025-05-06 00:52:19
덴티움,덴티움,145720.0,2,,2025-05-06 00:52:19
엠아이텍,엠아이텍,179290.0,6,,2025-05-06 00:52:36
엠아이텍,엠아이텍,179290.0,6,,2025-05-06 00:52:37
하이비젼시스템,하이비젼시스템,126700.0,0,,2025-05-06 00:53:00
크래프톤,크래프톤,259960.0,8,,2025-05-06 00:53:18
크래프톤,크래프톤,259960.0,8,,2025-05-06 00:53:19
가온전선,가온전선,500.0,7,,2025-05-06 00:54:46
가온전선,가온전선,500.0,7,,2025-05-06 00:54:46
가온전선,가온전선,500.0,7,,2025-05-06 00:54:47
삼양식품,삼양식품,3230.0,8,,2025-05-06 00:55:09
한일시멘트,한일시멘트,300720.0,8,,2025-05-06 00:55:30
휴메딕스,휴메딕스,200670.0,8,,2025-05-06 00:55:56
휴메딕스,휴메딕스,200670.0,8,,2025-05-06 00:55:57
경동나비엔,경동나비엔,9450.0,5,,2025-05-06 00:56:17
한국단자,한국단자,25540.0,2,,2025-05-06 00:57:38
삼지전자,삼지전자,37460.0,8,,2025-05-06 00:58:07
KX하이텍,KX하이텍,52900.0,0,,2025-05-06 00:59:48
DN오토모티브,DN오토모티브,7340.0,6,,2025-05-06 01:00:22
에스엘,에스엘,5850.0,2,,2025-05-06 01:00:51
현대차,현대차,5380.0,0,,2025-05-06 01:01:12
매커스,매커스,93520.0,5,,2025-05-06 01:01:29
매커스,매커스,93520.0,5,,2025-05-06 01:01:31
풍산홀딩스,풍산홀딩스,5810.0,4,,2025-05-06 01:01:52
NI스틸,NI스틸,8260.0,1,,2025-05-06 01:02:11
한국무브넥스,한국무브넥스,10100.0,2,,2025-05-06 01:02:32
한국캐피탈,한국캐피탈,23760.0,3,,2025-05-06 01:04:48
KCTC,KCTC,9070.0,1,,2025-05-06 01:08:16
노바텍,노바텍,285490.0,7,,2025-05-06 01:08:33
노바텍,노바텍,285490.0,7,,2025-05-06 01:08:34
LX세미콘,LX세미콘,108320.0,0,,2025-05-06 01:11:03
월덱스,월덱스,101160.0,0,,2025-05-06 01:11:42
월덱스,월덱스,101160.0,0,,2025-05-06 01:11:43
NAVER,NAVER,35420.0,5,,2025-05-06 01:12:02
NAVER,NAVER,35420.0,5,,2025-05-06 01:12:03
현대공업,현대공업,170030.0,3,,2025-05-06 01:14:28
한라IMS,한라IMS,92460.0,8,,2025-05-06 01:14:45
JYP Ent.,JYP Ent.,35900.0,8,,2025-05-06 01:17:27
한국콜마,한국콜마,161890.0,7,,2025-05-06 01:20:19
골프존,골프존,215000.0,2,,2025-05-06 01:23:31
골프존,골프존,215000.0,2,,2025-05-06 01:23:31
현대오토에버,현대오토에버,307950.0,0,,2025-05-06 01:23:54
현대오토에버,현대오토에버,307950.0,0,,2025-05-06 01:23:55
현대오토에버,현대오토에버,307950.0,0,,2025-05-06 01:23:55
휴젤,휴젤,145020.0,8,,2025-05-06 01:24:12
휴젤,휴젤,145020.0,8,,2025-05-06 01:24:13
에스앤에스텍,에스앤에스텍,101490.0,5,,2025-05-06 01:26:45
에스앤에스텍,에스앤에스텍,101490.0,5,,2025-05-06 01:26:46
케이피에프,케이피에프,24880.0,0,,2025-05-06 01:27:11
SOOP,SOOP,67160.0,0,,2025-05-06 01:27:30
클래시스,클래시스,214150.0,8,,2025-05-06 01:32:12
클래시스,클래시스,214150.0,8,,2025-05-06 01:32:13
보라티알,보라티알,250000.0,4,,2025-05-06 01:43:22
보라티알,보라티알,250000.0,4,,2025-05-06 01:43:23
코스맥스,코스맥스,192820.0,7,,2025-05-06 01:43:43
한국가구,한국가구,4590.0,7,,2025-05-06 01:44:41
한국가구,한국가구,4590.0,7,,2025-05-06 01:44:42
GST,GST,83450.0,2,,2025-05-06 01:51:25
코미코,코미코,183300.0,5,,2025-05-06 01:52:16
바이오플러스,바이오플러스,99430.0,8,,2025-05-06 01:52:51
유비벨록스,유비벨록스,89850.0,4,,2025-05-06 01:55:47
디케이앤디,디케이앤디,263020.0,0,,2025-05-06 01:56:13
다우데이타,다우데이타,32190.0,5,,2025-05-06 01:56:44
덕산네오룩스,덕산네오룩스,213420.0,2,,2025-05-06 01:57:04
바디텍메드,바디텍메드,206640.0,5,,2025-05-06 01:57:26
동성화인텍,동성화인텍,33500.0,8,,2025-05-06 01:57:46
셀트리온제약,셀트리온제약,68760.0,0,,2025-05-06 01:59:41
키움증권,키움증권,39490.0,4,,2025-05-06 02:23:25
LS ELECTRIC,LS ELECTRIC,10120.0,5,,2025-05-06 02:23:52
한국앤컴퍼니,한국앤컴퍼니,240.0,2,,2025-05-06 02:24:18
세방전지,세방전지,4490.0,1,,2025-05-06 02:24:37
보령,보령,3850.0,0,,2025-05-06 02:24:54
리노공업,리노공업,58470.0,1,,2025-05-06 02:25:13
두산밥캣,두산밥캣,241560.0,6,,2025-05-06 02:25:32
미원화학,미원화학,134380.0,3,,2025-05-06 02:25:50
미원화학,미원화학,134380.0,3,,2025-05-06 02:25:51
JB금융지주,JB금융지주,175330.0,5,,2025-05-06 02:26:36
엠게임,엠게임,58630.0,1,,2025-05-06 02:26:57
LS에코에너지,LS에코에너지,229640.0,5,,2025-05-06 02:27:15
LS에코에너지,LS에코에너지,229640.0,5,,2025-05-06 02:27:16
다우기술,다우기술,23590.0,7,,2025-05-06 02:27:31
다우기술,다우기술,23590.0,7,,2025-05-06 02:27:32
피제이전자,피제이전자,6140.0,4,,2025-05-06 02:27:49
디알젬,디알젬,263690.0,1,,2025-05-06 02:28:05
유니크,유니크,11320.0,3,,2025-05-06 02:28:21
덕산하이메탈,덕산하이메탈,77360.0,0,,2025-05-06 02:28:35
한국컴퓨터,한국컴퓨터,54040.0,1,,2025-05-06 02:28:51
일진홀딩스,일진홀딩스,15860.0,3,,2025-05-06 02:29:17
팬오션,팬오션,28670.0,0,,2025-05-06 02:29:33
한양증권,한양증권,1750.0,5,,2025-05-06 02:29:49
삼영엠텍,삼영엠텍,54540.0,7,,2025-05-06 02:30:07
삼영엠텍,삼영엠텍,54540.0,7,,2025-05-06 02:30:08
삼영무역,삼영무역,2810.0,7,,2025-05-06 02:30:33
기업은행,기업은행,24110.0,7,,2025-05-06 02:30:50
미원홀딩스,미원홀딩스,107590.0,2,,2025-05-06 02:31:11
미원상사,미원상사,2840.0,3,,2025-05-06 02:31:28
올릭스,올릭스,226950.0,8,,2025-05-06 06:35:52
율촌화학,율촌화학,8730.0,3,,2025-05-06 06:39:34
율촌화학,율촌화학,8730.0,3,,2025-05-06 06:39:35
롯데관광개발,롯데관광개발,32350.0,5,,2025-05-06 06:41:29
메카로,메카로,241770.0,8,,2025-05-06 06:41:38
미코,미코,59090.0,4,,2025-05-06 06:42:01
메가스터디교육,메가스터디교육,215200.0,5,,2025-05-06 06:42:44
알테오젠,알테오젠,196170.0,6,,2025-05-06 06:44:08
한화솔루션,한화솔루션,9830.0,6,,2025-05-06 06:44:23
파마리서치,파마리서치,214450.0,8,,2025-05-06 06:44:36
동방메디컬,,,0,RS 데이터가 없습니다.,2025-05-06 06:44:54
동방메디컬,,,0,RS 데이터가 없습니다.,2025-05-06 06:45:04
휴젤,휴젤,145020.0,8,,2025-05-06 06:46:11
펨트론,펨트론,168360.0,7,,2025-05-06 06:56:23
005930,삼성전자,5930.0,0,,2025-05-06 07:07:56
005380,현대차,5380.0,0,,2025-05-06 07:08:11
올릭스,올릭스,226950.0,8,,2025-05-06 07:08:31
웅진씽크빅,웅진씽크빅,95720.0,1,,2025-05-06 07:20:11
웅진,웅진,16880.0,5,,2025-05-06 07:20:24
한국콜마,한국콜마,161890.0,7,,2025-05-06 07:23:44
삼성전자,삼성전자,5930.0,0,,2025-05-06 07:24:16
삼성전자,삼성전자,5930.0,0,,2025-05-06 07:24:19
삼양식품,삼양식품,3230.0,8,,2025-05-06 07:24:43
삼양식품,삼양식품,3230.0,8,,2025-05-06 07:24:45
코스맥스,코스맥스,192820.0,7,,2025-05-06 07:27:43
한국항공우주,한국항공우주,47810.0,8,,2025-05-06 07:27:49
한국항공우주,한국항공우주,47810.0,8,,2025-05-06 07:27:50
한국콜마,한국콜마,161890.0,7,,2025-05-06 07:32:39
한국콜마,한국콜마,161890.0,7,,2025-05-06 07:32:41
한성크린텍,한성크린텍,66980.0,0,,2025-05-06 07:32:49
펌텍코리아,펌텍코리아,251970.0,8,,2025-05-06 07:32:57
삼성전자,삼성전자,5930.0,0,,2025-05-06 07:33:05
알테오젠,알테오젠,196170.0,6,,2025-05-06 07:33:20
펌텍코리아,펌텍코리아,251970.0,8,,2025-05-06 07:33:51
SK하이닉스,SK하이닉스,660.0,2,,2025-05-06 07:34:02
미코,미코,59090.0,4,,2025-05-06 07:37:57
naver,,,0,종목을 찾을 수 없습니다. 정확히 입력하거나 자동완성에서 선택해 주세요.,2025-05-06 07:41:27
NAVER,NAVER,35420.0,5,,2025-05-06 07:41:33
NAVER,NAVER,35420.0,5,,2025-05-06 07:41:34
카카오,카카오,35720.0,3,,2025-05-06 07:45:36
카카오,카카오,35720.0,3,,2025-05-06 07:45:37
삼성전자,삼성전자,5930.0,0,,2025-05-06 07:58:54
오리온,오리온,271560.0,8,,2025-05-06 07:59:11
카카오,카카오,35720.0,3,,2025-05-06 08:01:35
삼성전자,삼성전자,5930.0,0,,2025-05-06 08:01:46
피앤에스미캐닉스,,,0,RS 데이터가 없습니다.,2025-05-06 08:01:50
빙그레,빙그레,5180.0,6,,2025-05-06 08:01:59
피앤에스미캐닉스,,,0,RS 데이터가 없습니다.,2025-05-06 08:02:00
삼성전저,,,0,종목을 찾을 수 없습니다. 정확히 입력하거나 자동완성에서 선택해 주세요.,2025-05-06 08:02:08
레이,레이,228670.0,3,,2025-05-06 08:02:09
460940,,,0,RS 데이터가 없습니다.,2025-05-06 08:02:51
삼성전자,삼성전자,5930.0,0,,2025-05-06 08:03:17
피앤에스미캐닉스,,,0,RS 데이터가 없습니다.,2025-05-06 08:03:38
에코프로,에코프로,86520.0,0,,2025-05-06 08:05:29
에코프로비엠,에코프로비엠,247540.0,0,,2025-05-06 08:05:41
올릭스,올릭스,226950.0,8,,2025-05-06 08:21:39
올릭스,올릭스,226950.0,8,,2025-05-06 08:21:40
와이제이링크,,,0,RS 데이터가 없습니다.,2025-05-06 08:22:13
와이제이링크,,,0,RS 데이터가 없습니다.,2025-05-06 08:22:24
형지I&C,형지I&C,11080.0,8,,2025-05-06 08:22:38
현대차,현대차,5380.0,0,,2025-05-06 08:25:54
현대힘스,현대힘스,460930.0,8,,2025-05-06 08:26:07
한화오션,한화오션,42660.0,8,,2025-05-06 08:26:31
한화솔루션,한화솔루션,9830.0,6,,2025-05-06 08:26:33
지엔씨에너지,지엔씨에너지,119850.0,8,,2025-05-06 08:27:00
한화에어로스페이스,한화에어로스페이스,12450.0,8,,2025-05-06 08:27:34
현대로템,현대로템,64350.0,8,,2025-05-06 08:28:09
삼성전자,삼성전자,5930.0,0,,2025-05-06 08:28:36
서흥,서흥,8490.0,0,,2025-05-06 08:29:21
서흥,서흥,8490.0,0,,2025-05-06 08:29:22
서흥,서흥,8490.0,0,,2025-05-06 08:29:23
매일유업,매일유업,267980.0,3,,2025-05-06 08:29:40
네이버,,,0,종목을 찾을 수 없습니다. 정확히 입력하거나 자동완성에서 선택해 주세요.,2025-05-06 08:30:08
네이버,,,0,종목을 찾을 수 없습니다. 정확히 입력하거나 자동완성에서 선택해 주세요.,2025-05-06 08:30:14
naver,,,0,종목을 찾을 수 없습니다. 정확히 입력하거나 자동완성에서 선택해 주세요.,2025-05-06 08:30:22
NAVER,NAVER,35420.0,5,,2025-05-06 08:30:28
올릭스,올릭스,226950.0,8,,2025-05-06 08:32:06
올릭스,올릭스,226950.0,8,,2025-05-06 08:32:07
올릭스,올릭스,226950.0,8,,2025-05-06 08:32:07
SK하이닉스,SK하이닉스,660.0,2,,2025-05-06 08:33:14
HD현대중공업,HD현대중공업,329180.0,8,,2025-05-06 08:33:27
리노공업,리노공업,58470.0,1,,2025-05-06 08:34:06
크래프톤,크래프톤,259960.0,8,,2025-05-06 08:34:43
팔란티어테크,,,0,종목을 찾을 수 없습니다. 정확히 입력하거나 자동완성에서 선택해 주세요.,2025-05-06 08:35:23
케이알엠,케이알엠,93640.0,0,,2025-05-06 08:35:38
현대차,현대차,5380.0,0,,2025-05-06 08:35:56
하이브,하이브,352820.0,8,,2025-05-06 08:36:39
하이브,하이브,352820.0,8,,2025-05-06 08:36:40
하이브,하이브,352820.0,8,,2025-05-06 08:36:42
한화오션,한화오션,42660.0,8,,2025-05-06 08:36:55
올릭스,올릭스,226950.0,8,,2025-05-06 08:40:02
동아에스티,동아에스티,170900.0,1,,2025-05-06 08:43:11
동아에스티,동아에스티,170900.0,1,,2025-05-06 08:43:12
동아에스티,동아에스티,170900.0,1,,2025-05-06 08:43:14
알리코제약,알리코제약,260660.0,3,,2025-05-06 08:43:35
알리코제약,알리코제약,260660.0,3,,2025-05-06 08:43:36
올릭스,올릭스,226950.0,8,,2025-05-06 08:43:42
클래시스,클래시스,214150.0,8,,2025-05-06 08:43:54
한화시스템,한화시스템,272210.0,8,,2025-05-06 08:44:05
한화시스템,한화시스템,272210.0,8,,2025-05-06 08:44:06
HMM,HMM,11200.0,5,,2025-05-06 08:44:07
노머스,,,0,RS 데이터가 없습니다.,2025-05-06 08:44:18
노머스,,,0,RS 데이터가 없습니다.,2025-05-06 08:44:19
디어유,디어유,376300.0,8,,2025-05-06 08:44:30
삼립식품,,,0,종목을 찾을 수 없습니다. 정확히 입력하거나 자동완성에서 선택해 주세요.,2025-05-06 08:46:08
SPC삼립,SPC삼립,5610.0,7,,2025-05-06 08:46:16
SPC삼립,SPC삼립,5610.0,7,,2025-05-06 08:46:17
휴스틸,휴스틸,5010.0,6,,2025-05-06 08:46:53
삼성전자,삼성전자,5930.0,0,,2025-05-06 08:47:18
기아,기아,270.0,0,,2025-05-06 08:48:03
삼양식품,삼양식품,3230.0,8,,2025-05-06 08:48:38
삼양식품,삼양식품,3230.0,8,,2025-05-06 08:48:39
현대로템,현대로템,64350.0,8,,2025-05-06 08:49:15
현대로템,현대로템,64350.0,8,,2025-05-06 08:51:01
상지건설,상지건설,42940.0,6,,2025-05-06 08:51:06
상지건설,상지건설,42940.0,6,,2025-05-06 08:51:07
상지건설,상지건설,42940.0,6,,2025-05-06 08:51:09
현대건설,현대건설,720.0,7,,2025-05-06 08:51:22
올릭스,올릭스,226950.0,8,,2025-05-06 08:59:53
올릭스,올릭스,226950.0,8,,2025-05-06 08:59:54
올릭스,올릭스,226950.0,8,,2025-05-06 08:59:56
현대차,현대차,5380.0,0,,2025-05-06 09:03:18
에스바이오메딕스,에스바이오메딕스,304360.0,1,,2025-05-06 09:05:06
올릭스,올릭스,226950.0,8,,2025-05-06 09:12:08
오스코텍,오스코텍,39200.0,1,,2025-05-06 09:18:08
오스코텍,오스코텍,39200.0,1,,2025-05-06 09:18:10
대한제당,대한제당,1790.0,7,,2025-05-06 09:19:37
뷰티스킨,뷰티스킨,406820.0,3,,2025-05-06 09:20:09
뷰티스킨,뷰티스킨,406820.0,3,,2025-05-06 09:20:19
글로벌텍스프리,글로벌텍스프리,204620.0,8,,2025-05-06 09:20:46
두산에너빌리티,두산에너빌리티,34020.0,8,,2025-05-06 09:32:33
알테오젠,알테오젠,196170.0,6,,2025-05-06 09:33:42
펌텍코리아,펌텍코리아,251970.0,8,,2025-05-06 09:33:59
펌텍코리아,펌텍코리아,251970.0,8,,2025-05-06 09:34:00
HJ중공업,HJ중공업,97230.0,8,,2025-05-06 09:34:14
메카로,메카로,241770.0,8,,2025-05-06 09:34:16
와이지엔터테인먼트,와이지엔터테인먼트,122870.0,8,,2025-05-06 09:34:34
롯데웰푸드,롯데웰푸드,280360.0,2,,2025-05-06 09:34:57
한화에어로스페이스,한화에어로스페이스,12450.0,8,,2025-05-06 09:49:34
한화에어로스페이스,한화에어로스페이스,12450.0,8,,2025-05-06 09:49:35
삼성전자,삼성전자,5930.0,0,,2025-05-06 09:49:57
삼성전자,삼성전자,5930.0,0,,2025-05-06 09:57:10
에이피알,에이피알,278470.0,7,,2025-05-06 10:07:37
에이피알,에이피알,278470.0,7,,2025-05-06 10:07:38
RFHIC,RFHIC,218410.0,6,,2025-05-06 10:13:50
쏠리드,쏠리드,50890.0,8,,2025-05-06 10:15:21
한국항공우주,한국항공우주,47810.0,8,,2025-05-06 10:39:54
지엔씨에너지,지엔씨에너지,119850.0,8,,2025-05-06 10:41:23
디앤디파마텍,,,0,RS 데이터가 없습니다.,2025-05-06 10:41:38
디앤디파마텍,,,0,RS 데이터가 없습니다.,2025-05-06 10:41:40
에이비엘바이오,에이비엘바이오,298380.0,8,,2025-05-06 10:41:51
애니플러스,애니플러스,310200.0,7,,2025-05-06 10:45:07
한화시스템,한화시스템,272210.0,8,,2025-05-06 10:45:23
블루엠텍,블루엠텍,439580.0,5,,2025-05-06 10:45:40
현대로템,현대로템,64350.0,8,,2025-05-06 10:46:34
한화에어로스페이스,한화에어로스페이스,12450.0,8,,2025-05-06 10:46:47
하나30호스팩,하나30호스팩,469880.0,2,,2025-05-06 10:50:17
올릭스,올릭스,226950.0,8,,2025-05-06 10:54:26
지엔씨에너지,지엔씨에너지,119850.0,8,,2025-05-06 10:59:30
지엔씨에너지,지엔씨에너지,119850.0,8,,2025-05-06 10:59:32
지엔씨에너지,지엔씨에너지,119850.0,8,,2025-05-06 10:59:33
신성에너지,,,0,종목을 찾을 수 없습니다. 정확히 입력하거나 자동완성에서 선택해 주세요.,2025-05-06 11:00:40
신성이엔지,신성이엔지,11930.0,2,,2025-05-06 11:00:43
SBS,SBS,34120.0,7,,2025-05-06 11:00:48
SBS,SBS,34120.0,7,,2025-05-06 11:00:49
동성화인텍,동성화인텍,33500.0,8,,2025-05-06 11:00:59
동성화인텍,동성화인텍,33500.0,8,,2025-05-06 11:01:01
동성화인텍,동성화인텍,33500.0,8,,2025-05-06 11:01:02
제닉,제닉,123330.0,8,,2025-05-06 11:01:06
LS ELECTRIC,LS ELECTRIC,10120.0,5,,2025-05-06 11:01:19
hd한국조선해야ㅕㅇ,,,0,종목을 찾을 수 없습니다. 정확히 입력하거나 자동완성에서 선택해 주세요.,2025-05-06 11:02:29
현대그린푸드,현대그린푸드,453340.0,8,,2025-05-06 11:03:30
대한항공,대한항공,3490.0,2,,2025-05-06 11:03:42
한화오션,한화오션,42660.0,8,,2025-05-06 11:04:25
한화오션,한화오션,42660.0,8,,2025-05-06 11:04:27
삼성전자,삼성전자,5930.0,0,,2025-05-06 11:04:34
롯데정밀화학,롯데정밀화학,4000.0,0,,2025-05-06 11:04:41
롯데정밀화학,롯데정밀화학,4000.0,0,,2025-05-06 11:04:42
롯데정밀화학,롯데정밀화학,4000.0,0,,2025-05-06 11:04:43
신영증권,신영증권,1720.0,8,,2025-05-06 11:04:49
신영증권,신영증권,1720.0,8,,2025-05-06 11:04:50
테크윙,테크윙,89030.0,0,,2025-05-06 11:10:28
테크윙,테크윙,89030.0,0,,2025-05-06 11:10:29
SNT다이내믹스,SNT다이내믹스,3570.0,8,,2025-05-06 11:10:42
LS,LS,6260.0,5,,2025-05-06 11:10:52
신영증권,신영증권,1720.0,8,,2025-05-06 11:11:32
카페24,카페24,42000.0,8,,2025-05-06 11:11:37
한화오션,한화오션,42660.0,8,,2025-05-06 11:12:46
에코마케팅,에코마케팅,230360.0,0,,2025-05-06 11:13:23
에코마케팅,에코마케팅,230360.0,0,,2025-05-06 11:13:27
올릭스,올릭스,226950.0,8,,2025-05-06 11:16:45
인화정공,인화정공,101930.0,8,,2025-05-06 11:20:32
인화정공,인화정공,101930.0,8,,2025-05-06 11:20:32
인화정공,인화정공,101930.0,8,,2025-05-06 11:20:33
HD현대마린솔루션,,,0,RS 데이터가 없습니다.,2025-05-06 11:22:50
HD현대마린솔루션,,,0,RS 데이터가 없습니다.,2025-05-06 11:22:59
HDC,HDC,12630.0,8,,2025-05-06 11:23:09
시공테크,시공테크,20710.0,8,,2025-05-06 11:25:20
119850,지엔씨에너지,119850.0,8,,2025-05-06 11:28:36
에이피알,에이피알,278470.0,7,,2025-05-06 11:30:44
에이피알,에이피알,278470.0,7,,2025-05-06 11:30:45
에이피알,에이피알,278470.0,7,,2025-05-06 11:30:47
카페24,카페24,42000.0,8,,2025-05-06 11:31:40
카페24,카페24,42000.0,8,,2025-05-06 11:31:41
에스엠씨지,,,0,RS 데이터가 없습니다.,2025-05-06 11:32:12
클래시스,클래시스,214150.0,8,,2025-05-06 11:32:21
클래시스,클래시스,214150.0,8,,2025-05-06 11:32:22
노머스,,,0,RS 데이터가 없습니다.,2025-05-06 11:32:30
노머스,,,0,RS 데이터가 없습니다.,2025-05-06 11:32:31
원텍,원텍,336570.0,5,,2025-05-06 11:32:51
한국콜마,한국콜마,161890.0,7,,2025-05-06 11:33:01
SAMG엔터,SAMG엔터,419530.0,8,,2025-05-06 11:33:13
효성중공업,효성중공업,298040.0,8,,2025-05-06 11:37:08
CJ,CJ,1040.0,6,,2025-05-06 11:58:29
CJ,CJ,1040.0,6,,2025-05-06 11:58:30
유니드,유니드,14830.0,5,,2025-05-06 11:58:41
삼성전자,삼성전자,5930.0,0,,2025-05-06 12:14:52
HJ중공업,HJ중공업,97230.0,8,,2025-05-06 12:20:42
스피어,스피어,347700.0,8,,2025-05-06 12:33:36
LIG넥스원,LIG넥스원,79550.0,8,,2025-05-06 12:34:41
스피어,스피어,347700.0,8,,2025-05-06 12:41:45
제이에스링크,제이에스링크,127120.0,8,,2025-05-06 12:42:46
포바이포,포바이포,389140.0,7,,2025-05-06 12:42:54
SAMG엔터,SAMG엔터,419530.0,8,,2025-05-06 12:43:01
올릭스,올릭스,226950.0,8,,2025-05-06 12:43:15
005930,삼성전자,5930.0,0,,2025-05-06 12:46:40
한국항공우주,한국항공우주,47810.0,8,,2025-05-06 12:52:06
SK하이닉스,SK하이닉스,660.0,2,,2025-05-06 13:11:23
SK하이닉스,SK하이닉스,660.0,2,,2025-05-06 13:11:24
한화오션,한화오션,42660.0,8,,2025-05-06 13:12:18
한화오션,한화오션,42660.0,8,,2025-05-06 13:12:19
현대로템,현대로템,64350.0,8,,2025-05-06 13:33:29
005930,삼성전자,5930.0,0,,2025-05-06 13:38:24
아이센스,아이센스,99190.0,1,,2025-05-06 13:38:38
올릭스,올릭스,226950.0,8,,2025-05-06 13:38:52
에코플라스틱,에코플라스틱,38110.0,2,,2025-05-06 13:41:16
디앤디파마텍,,,0,RS 데이터가 없습니다.,2025-05-06 13:56:43
삼성전자,삼성전자,5930.0,0,,2025-05-06 14:03:34
제이에스링크,제이에스링크,127120.0,8,,2025-05-06 14:06:42
코난테크놀로지,코난테크놀로지,402030.0,8,,2025-05-06 14:10:25
롯데웰푸드,롯데웰푸드,280360.0,2,,2025-05-06 14:15:01
롯데웰푸드,롯데웰푸드,280360.0,2,,2025-05-06 14:15:04
토마토시스템,토마토시스템,393210.0,5,,2025-05-06 14:15:08
유일로보틱스,유일로보틱스,388720.0,8,,2025-05-06 14:19:25
전진건설로봇,,,0,RS 데이터가 없습니다.,2025-05-06 14:21:18
대동기어,대동기어,8830.0,7,,2025-05-06 14:22:24
브이엠,브이엠,89970.0,5,,2025-05-06 14:23:50
유니드,유니드,14830.0,5,,2025-05-06 14:28:46
티앤엘,티앤엘,340570.0,6,,2025-05-06 14:29:05
에이피알,에이피알,278470.0,7,,2025-05-06 14:29:28
한화엔진,한화엔진,82740.0,8,,2025-05-06 14:30:14
HD현대미포,HD현대미포,10620.0,8,,2025-05-06 14:30:31
삼성전자,삼성전자,5930.0,0,,2025-05-06 16:46:10
삼성전자,삼성전자,5930.0,0,,2025-05-06 16:46:11
남광토건,남광토건,1260.0,8,,2025-05-06 16:46:54
모트렉스,모트렉스,118990.0,0,,2025-05-06 16:47:52
모트렉스,모트렉스,118990.0,0,,2025-05-06 16:47:53
지더블유바이텍,지더블유바이텍,36180.0,2,,2025-05-06 16:48:17
유니온바이오메트릭스,유니온바이오메트릭스,203450.0,6,,2025-05-06 16:48:24
DS단석,DS단석,17860.0,1,,2025-05-06 17:23:36
현대로템,현대로템,64350.0,8,,2025-05-06 21:56:52
성광벤드,성광벤드,14620.0,8,,2025-05-06 21:59:12
성광벤드,성광벤드,14620.0,8,,2025-05-06 21:59:13
카페24,카페24,42000.0,8,,2025-05-06 21:59:41
한화비전,,,0,RS 데이터가 없습니다.,2025-05-06 22:00:01
이수페타시스,이수페타시스,7660.0,4,,2025-05-06 22:05:55
현대로템,현대로템,64350.0,8,,2025-05-06 22:14:56
SNT다이내믹스,SNT다이내믹스,3570.0,8,,2025-05-06 22:15:29
에브리봇,에브리봇,270660.0,0,,2025-05-06 22:16:07
알테오젠,알테오젠,196170.0,6,,2025-05-06 22:18:45
288330,브릿지바이오테라퓨틱스,288330.0,3,,2025-05-06 22:20:00
두산에너빌리티,두산에너빌리티,34020.0,8,,2025-05-06 22:20:04
레인보우로보틱스,레인보우로보틱스,277810.0,6,,2025-05-06 22:20:23
한화에어로스페이스,한화에어로스페이스,12450.0,8,,2025-05-06 22:20:32
고영,고영,98460.0,5,,2025-05-06 22:21:43
에스엠,에스엠,41510.0,8,,2025-05-06 22:22:35
효성중공업,효성중공업,298040.0,8,,2025-05-06 22:22:54
대한제당,대한제당,1790.0,7,,2025-05-06 22:22:56
JYP Ent.,JYP Ent.,35900.0,8,,2025-05-06 22:23:42
LS,LS,6260.0,5,,2025-05-06 22:23:51
LS,LS,6260.0,5,,2025-05-06 22:23:52
덴티움,덴티움,145720.0,2,,2025-05-06 22:23:55
덴티움,덴티움,145720.0,2,,2025-05-06 22:23:56
덴티움,덴티움,145720.0,2,,2025-05-06 22:23:58
현대로템,현대로템,64350.0,8,,2025-05-06 22:24:06
에코앤드림,에코앤드림,101360.0,0,,2025-05-06 22:24:11
LS ELECTRIC,LS ELECTRIC,10120.0,5,,2025-05-06 22:24:16
한화오션,한화오션,42660.0,8,,2025-05-06 22:24:42
SK하이닉스,SK하이닉스,660.0,2,,2025-05-06 22:25:00
SK하이닉스,SK하이닉스,660.0,2,,2025-05-06 22:25:02
아스플로,아스플로,159010.0,0,,2025-05-06 22:25:25
한화비전,,,0,RS 데이터가 없습니다.,2025-05-06 22:27:31
한화비젼,한화,880.0,8,,2025-05-06 22:27:41
한화오션,한화오션,42660.0,8,,2025-05-06 22:27:56
한화비전,,,0,RS 데이터가 없습니다.,2025-05-06 22:28:07
알테오젠,알테오젠,196170.0,6,,2025-05-06 22:28:31
조일알미늄,조일알미늄,18470.0,3,,2025-05-06 22:29:27
LIG넥스원,LIG넥스원,79550.0,8,,2025-05-06 22:33:19
LIG넥스원,LIG넥스원,79550.0,8,,2025-05-06 22:33:20
동방메디컬,,,0,RS 데이터가 없습니다.,2025-05-06 22:33:32
동방메디컬,,,0,RS 데이터가 없습니다.,2025-05-06 22:33:42
동방메디컬,,,0,RS 데이터가 없습니다.,2025-05-06 22:33:52
동광메디컬,,,0,종목을 찾을 수 없습니다. 정확히 입력하거나 자동완성에서 선택해 주세요.,2025-05-06 22:34:04
동방메디컬,,,0,RS 데이터가 없습니다.,2025-05-06 22:34:33
동방메디컬,,,0,RS 데이터가 없습니다.,2025-05-06 22:34:54
동방메디컬,,,0,RS 데이터가 없습니다.,2025-05-06 22:35:09
알테오젠,알테오젠,196170.0,6,,2025-05-06 22:35:28
동방메디컬,,,0,RS 데이터가 없습니다.,2025-05-06 22:36:06
동방메디컬,,,0,RS 데이터가 없습니다.,2025-05-06 22:36:26
펩트론,펩트론,87010.0,8,,2025-05-06 22:36:41
한국항공우주,한국항공우주,47810.0,8,,2025-05-06 22:37:11
애경케미칼,애경케미칼,161000.0,5,,2025-05-06 22:42:04
애경케미칼,애경케미칼,161000.0,5,,2025-05-06 22:42:05
두산에너빌리티,두산에너빌리티,34020.0,8,,2025-05-06 22:42:44
경동나비엔,경동나비엔,9450.0,5,,2025-05-06 22:43:15
LS ELECTRIC,LS ELECTRIC,10120.0,5,,2025-05-06 22:43:39
루닛,루닛,328130.0,3,,2025-05-06 22:44:07
아모레퍼시픽,아모레퍼시픽,90430.0,2,,2025-05-06 22:44:21
한화솔루션,한화솔루션,9830.0,6,,2025-05-06 22:58:57
한화오션,한화오션,42660.0,8,,2025-05-06 22:59:05
두산에너빌리티,두산에너빌리티,34020.0,8,,2025-05-06 23:03:23
두산에너빌리티,두산에너빌리티,34020.0,8,,2025-05-06 23:03:24
비에이치아이,비에이치아이,83650.0,8,,2025-05-06 23:03:39
셀트리온,셀트리온,68270.0,1,,2025-05-06 23:07:13
엔피디,엔피디,198080.0,0,,2025-05-06 23:08:00
펄어비스,펄어비스,263750.0,3,,2025-05-06 23:08:07
펄어비스,펄어비스,263750.0,3,,2025-05-06 23:08:08
펄어비스,펄어비스,263750.0,3,,2025-05-06 23:08:09
엔피,엔피,291230.0,0,,2025-05-06 23:08:09
펄어비스,펄어비스,263750.0,3,,2025-05-06 23:08:10
데브시스터즈,데브시스터즈,194480.0,5,,2025-05-06 23:09:13
데브시스터즈,데브시스터즈,194480.0,5,,2025-05-06 23:09:14
우리기술,우리기술,32820.0,3,,2025-05-06 23:10:43
이수페타시스,이수페타시스,7660.0,4,,2025-05-06 23:16:02
한화솔루션,한화솔루션,9830.0,6,,2025-05-06 23:16:29
풀무원,풀무원,17810.0,5,,2025-05-06 23:17:13
현대로템,현대로템,64350.0,8,,2025-05-06 23:17:40
005960,동부건설,5960.0,3,,2025-05-06 23:22:37
코나아이,코나아이,52400.0,8,,2025-05-06 23:27:32
루멘스,루멘스,38060.0,0,,2025-05-06 23:28:03
루멘스,루멘스,38060.0,0,,2025-05-06 23:28:04
삼성전자,삼성전자,5930.0,0,,2025-05-06 23:28:53
고영,고영,98460.0,5,,2025-05-06 23:29:11
고영,고영,98460.0,5,,2025-05-06 23:29:12
마니커에프앤지,마니커에프앤지,195500.0,6,,2025-05-06 23:40:37
올릭스,올릭스,226950.0,8,,2025-05-06 23:40:54
올릭스,올릭스,226950.0,8,,2025-05-06 23:40:56
올릭스,올릭스,226950.0,8,,2025-05-06 23:40:57
올릭스,올릭스,226950.0,8,,2025-05-06 23:40:59
카페24,카페24,42000.0,8,,2025-05-06 23:43:09
한화오션,한화오션,42660.0,8,,2025-05-06 23:43:44
삼성전자,삼성전자,5930.0,0,,2025-05-06 23:48:27
삼성전자,삼성전자,5930.0,0,,2025-05-06 23:48:29
서울옥션,서울옥션,63170.0,3,,2025-05-07 00:03:05
서울옥션,서울옥션,63170.0,3,,2025-05-07 00:03:06
디앤디파마텍,,,0,RS 데이터가 없습니다.,2025-05-07 00:08:04
한화에어로스페이스,한화에어로스페이스,12450.0,8,,2025-05-07 00:11:30
지투파워,지투파워,388050.0,4,,2025-05-07 00:12:59
지투파워,지투파워,388050.0,4,,2025-05-07 00:13:00
한국항공우주,한국항공우주,47810.0,8,,2025-05-07 00:13:29
올릭스,올릭스,226950.0,8,,2025-05-07 00:14:20
올릭스,올릭스,226950.0,8,,2025-05-07 00:14:22
HJ중공업,HJ중공업,97230.0,8,,2025-05-07 00:23:41
에이텍모빌리티,에이텍모빌리티,224110.0,4,,2025-05-07 00:27:20
두산에너빌리티,두산에너빌리티,34020.0,8,,2025-05-07 00:27:28
두산에너빌리티,두산에너빌리티,34020.0,8,,2025-05-07 00:27:29
SAMG엔터,SAMG엔터,419530.0,8,,2025-05-07 00:30:14
SAMG엔터,SAMG엔터,419530.0,8,,2025-05-07 00:30:21
코스맥스,코스맥스,192820.0,7,,2025-05-07 00:30:24
삼성전자,삼성전자,5930.0,0,,2025-05-07 00:34:49
삼성전자,삼성전자,5930.0,0,,2025-05-07 00:34:50
글로벌텍스프리,글로벌텍스프리,204620.0,8,,2025-05-07 00:36:26
블루엠텍,블루엠텍,439580.0,5,,2025-05-07 00:52:41
시프트업,,,0,RS 데이터가 없습니다.,2025-05-07 01:13:00
시프트업,,,0,RS 데이터가 없습니다.,2025-05-07 01:13:12
시프트업,,,0,RS 데이터가 없습니다.,2025-05-07 01:13:30
시프트업,,,0,RS 데이터가 없습니다.,2025-05-07 01:13:32
삼성전자,삼성전자,5930.0,0,,2025-05-07 01:13:42
462870,,,0,RS 데이터가 없습니다.,2025-05-07 01:14:01
Tmdx,,,0,종목을 찾을 수 없습니다. 정확히 입력하거나 자동완성에서 선택해 주세요.,2025-05-07 01:39:06
리노공업,리노공업,58470.0,1,,2025-05-07 01:39:21
알테오젠,알테오젠,196170.0,6,,2025-05-07 01:42:26
알테오젠,알테오젠,196170.0,6,,2025-05-07 01:42:28
호텔신라,호텔신라,8770.0,2,,2025-05-07 01:54:55
강원랜드,강원랜드,35250.0,3,,2025-05-07 01:55:03
신영증권,신영증권,1720.0,8,,2025-05-07 01:55:17
신영증권,신영증권,1720.0,8,,2025-05-07 01:55:18
지엔씨에너지,지엔씨에너지,119850.0,8,,2025-05-07 02:03:31
Snt에너지,,,0,종목을 찾을 수 없습니다. 정확히 입력하거나 자동완성에서 선택해 주세요.,2025-05-07 02:03:49
SNT에너지,SNT에너지,100840.0,8,,2025-05-07 02:03:59
SNT에너지,SNT에너지,100840.0,8,,2025-05-07 02:04:06
한황오션,,,0,종목을 찾을 수 없습니다. 정확히 입력하거나 자동완성에서 선택해 주세요.,2025-05-07 02:04:39
한화오션,한화오션,42660.0,8,,2025-05-07 02:04:47
셀트리온,셀트리온,68270.0,1,,2025-05-07 02:06:07
셀트리온,셀트리온,68270.0,1,,2025-05-07 02:10:38
펩트론,펩트론,87010.0,8,,2025-05-07 02:10:57
펩트론,펩트론,87010.0,8,,2025-05-07 02:10:58
에이비엘바이오,에이비엘바이오,298380.0,8,,2025-05-07 02:15:19
에이비엘바이오,에이비엘바이오,298380.0,8,,2025-05-07 02:15:20
아이비김영,아이비김영,339950.0,8,,2025-05-07 02:20:08
아이비김영,아이비김영,339950.0,8,,2025-05-07 02:20:08
글로벌텍스프리,글로벌텍스프리,204620.0,8,,2025-05-07 02:20:22
NICE평가정보,NICE평가정보,30190.0,8,,2025-05-07 02:20:35
NICE평가정보,NICE평가정보,30190.0,8,,2025-05-07 02:20:36
백산,백산,35150.0,4,,2025-05-07 02:20:45
백산,백산,35150.0,4,,2025-05-07 02:20:46
백산,백산,35150.0,4,,2025-05-07 02:20:46
인화정공,인화정공,101930.0,8,,2025-05-07 02:20:59
올릭스,올릭스,226950.0,8,,2025-05-07 02:21:11
올릭스,올릭스,226950.0,8,,2025-05-07 02:21:12
올릭스,올릭스,226950.0,8,,2025-05-07 02:21:14
jyp,,,0,종목을 찾을 수 없습니다. 정확히 입력하거나 자동완성에서 선택해 주세요.,2025-05-07 02:21:20
JYP Ent.,JYP Ent.,35900.0,8,,2025-05-07 02:21:25
JYP Ent.,JYP Ent.,35900.0,8,,2025-05-07 02:21:27
JYP Ent.,JYP Ent.,35900.0,8,,2025-05-07 02:21:28
JYP Ent.,JYP Ent.,35900.0,8,,2025-05-07 02:21:29
JYP Ent.,JYP Ent.,35900.0,8,,2025-05-07 02:21:31
에스피지,에스피지,58610.0,5,,2025-05-07 02:21:40
에스피지,에스피지,58610.0,5,,2025-05-07 02:21:41
에스피지,에스피지,58610.0,5,,2025-05-07 02:21:42
옴니시스템,옴니시스템,57540.0,6,,2025-05-07 02:21:52
한국전력,한국전력,15760.0,8,,2025-05-07 02:54:13
디어유,디어유,376300.0,8,,2025-05-07 02:54:28
메가스터디교육,메가스터디교육,215200.0,5,,2025-05-07 02:54:41
메가스터디교육,메가스터디교육,215200.0,5,,2025-05-07 02:54:42
삼성전자,삼성전자,5930.0,0,,2025-05-07 03:36:45
한화오션,한화오션,42660.0,8,,2025-05-07 03:37:05
한화오션,한화오션,42660.0,8,,2025-05-07 03:37:07
371160,,,0,종목을 찾을 수 없습니다. 정확히 입력하거나 자동완성에서 선택해 주세요.,2025-05-07 03:54:55
올릭스,올릭스,226950.0,8,,2025-05-07 04:01:50
올릭스,올릭스,226950.0,8,,2025-05-07 04:01:52
카페24,카페24,42000.0,8,,2025-05-07 04:02:18
하이젠알앤엠,,,0,RS 데이터가 없습니다.,2025-05-07 04:02:34
종근당,종근당,185750.0,1,,2025-05-07 04:16:08
한국가스공사,한국가스공사,36460.0,3,,2025-05-07 04:16:43
한국가스공사,한국가스공사,36460.0,3,,2025-05-07 04:16:44
한국가스공사,한국가스공사,36460.0,3,,2025-05-07 04:16:45
비에이치아이,비에이치아이,83650.0,8,,2025-05-07 04:24:22
005930,삼성전자,5930.0,0,,2025-05-07 04:26:25
태웅,태웅,44490.0,4,,2025-05-07 04:27:07
태웅,태웅,44490.0,4,,2025-05-07 04:27:08
에이피알,에이피알,278470.0,7,,2025-05-07 04:27:58
gs건설,,,0,종목을 찾을 수 없습니다. 정확히 입력하거나 자동완성에서 선택해 주세요.,2025-05-07 04:49:53
GS건설,GS건설,6360.0,4,,2025-05-07 04:50:03
대한항공,대한항공,3490.0,2,,2025-05-07 04:50:17
인화정공,인화정공,101930.0,8,,2025-05-07 04:50:32
신신제약,신신제약,2800.0,6,,2025-05-07 05:09:11
신신제약,신신제약,2800.0,6,,2025-05-07 05:09:12
케어젠,케어젠,214370.0,5,,2025-05-07 05:31:07
케어젠,케어젠,214370.0,5,,2025-05-07 05:31:53
포메탈,포메탈,119500.0,7,,2025-05-07 05:35:14
포메탈,포메탈,119500.0,7,,2025-05-07 05:35:16
047810,한국항공우주,47810.0,8,,2025-05-07 05:35:53
싸이버원,싸이버원,356890.0,8,,2025-05-07 05:43:37
신신제약,신신제약,2800.0,6,,2025-05-07 05:52:18
온코크로스,,,0,RS 데이터가 없습니다.,2025-05-07 06:32:41
온코크로스,,,0,RS 데이터가 없습니다.,2025-05-07 06:32:43
온코크로스,,,0,RS 데이터가 없습니다.,2025-05-07 06:32:56
hk이노엔,,,0,종목을 찾을 수 없습니다. 정확히 입력하거나 자동완성에서 선택해 주세요.,2025-05-07 06:33:03
HK이노엔,HK이노엔,195940.0,4,,2025-05-07 06:33:14
효성중공업,효성중공업,298040.0,8,,2025-05-07 06:59:08
효성중공업,효성중공업,298040.0,8,,2025-05-07 06:59:10
HDC,HDC,12630.0,8,,2025-05-07 07:01:29
전진건설로봇,,,0,RS 데이터가 없습니다.,2025-05-07 07:01:39
올릭스,올릭스,226950.0,8,,2025-05-07 07:17:10
HD현대마린솔루션,,,0,RS 데이터가 없습니다.,2025-05-07 07:38:17
알테오젠,알테오젠,196170.0,6,,2025-05-07 08:57:44
클래시스,클래시스,214150.0,8,,2025-05-07 09:22:23
클래시스,클래시스,214150.0,8,,2025-05-07 09:22:25
마이크로컨텍솔,마이크로컨텍솔,98120.0,8,,2025-05-07 09:22:41
코스맥스,코스맥스,192820.0,7,,2025-05-07 09:34:50
005930,삼성전자,5930.0,0,,2025-05-07 09:43:52
삼성전자,삼성전자,5930.0,0,,2025-05-07 10:23:54
삼성전자,삼성전자,5930.0,0,,2025-05-07 10:23:56
올릭스,올릭스,226950.0,8,,2025-05-07 10:51:49
코데즈컴바인,코데즈컴바인,47770.0,8,,2025-05-07 10:54:15
아센디오,아센디오,12170.0,8,,2025-05-07 10:56:10
포바이포,포바이포,389140.0,8,,2025-05-07 11:00:39
바이오플러스,바이오플러스,99430.0,8,,2025-05-07 11:07:42
바이오플러스,바이오플러스,99430.0,8,,2025-05-07 11:07:44
서울평가정보,서울평가정보,36120.0,3,,2025-05-07 11:08:35
코리아에프티,코리아에프티,123410.0,0,,2025-05-07 11:09:06
카페24,카페24,42000.0,8,,2025-05-07 11:31:24
성광벤드,성광벤드,14620.0,8,,2025-05-07 11:31:40
한국콜마,한국콜마,161890.0,7,,2025-05-07 11:31:46
SPC삼립,SPC삼립,5610.0,7,,2025-05-07 11:31:55
LS마린솔루션,LS마린솔루션,60370.0,4,,2025-05-07 11:32:06
LS마린솔루션,LS마린솔루션,60370.0,4,,2025-05-07 11:32:07
LS마린솔루션,LS마린솔루션,60370.0,4,,2025-05-07 11:32:08
휴젤,휴젤,145020.0,8,,2025-05-07 11:32:21
동서,동서,26960.0,8,,2025-05-07 11:32:30
017890,한국알콜,17890.0,3,,2025-05-07 11:43:09
유니온,유니온,910.0,4,,2025-05-07 11:46:02
토탈소프트,토탈소프트,45340.0,6,,2025-05-07 11:46:34
한국전력,한국전력,15760.0,8,,2025-05-07 11:48:36
지엔씨에너지,지엔씨에너지,119850.0,8,,2025-05-07 11:49:20
테슬라,,,0,종목을 찾을 수 없습니다. 정확히 입력하거나 자동완성에서 선택해 주세요.,2025-05-07 12:45:37
엔비디아,,,0,종목을 찾을 수 없습니다. 정확히 입력하거나 자동완성에서 선택해 주세요.,2025-05-07 12:45:52
비에이치아이,비에이치아이,83650.0,8,,2025-05-07 13:00:22
비에이치아이,비에이치아이,83650.0,8,,2025-05-07 13:00:23
비에이치아이,비에이치아이,83650.0,8,,2025-05-07 13:00:24
모티브링크,,,0,RS 데이터가 없습니다.,2025-05-07 13:00:39
모티브링크,,,0,RS 데이터가 없습니다.,2025-05-07 13:00:41
모티브링크,,,0,RS 데이터가 없습니다.,2025-05-07 13:00:53
모티브링크,,,0,RS 데이터가 없습니다.,2025-05-07 13:01:02
sk하이닉스,이닉스,452400.0,0,,2025-05-07 13:01:16
펩트론,펩트론,87010.0,8,,2025-05-07 13:01:32
펩트론,펩트론,87010.0,8,,2025-05-07 13:01:34
퓨처엠,,,0,종목을 찾을 수 없습니다. 정확히 입력하거나 자동완성에서 선택해 주세요.,2025-05-07 13:01:43
퓨쳐켐,퓨쳐켐,220100.0,4,,2025-05-07 13:01:53
퓨쳐켐,퓨쳐켐,220100.0,4,,2025-05-07 13:01:54
유한양행,유한양행,100.0,4,,2025-05-07 13:02:12
포바이포,포바이포,389140.0,8,,2025-05-07 14:25:19
삼성전자,삼성전자,5930.0,0,,2025-05-07 14:35:49
024720,콜마홀딩스,24720.0,6,,2025-05-07 16:11:43
072130,유엔젤,72130.0,8,,2025-05-07 16:11:55
072130,유엔젤,72130.0,8,,2025-05-07 16:12:01
유엔젤,유엔젤,72130.0,8,,2025-05-07 16:12:04
노바렉스,노바렉스,194700.0,6,,2025-05-07 16:12:22
호전실업,호전실업,111110.0,7,,2025-05-07 16:12:29
하츠,하츠,66130.0,7,,2025-05-07 16:12:36
신성에스티,신성에스티,416180.0,5,,2025-05-07 16:12:44
지아이텍,지아이텍,382480.0,6,,2025-05-07 16:12:53
대한항공,대한항공,3490.0,3,,2025-05-07 16:13:00
SK하이닉스,SK하이닉스,660.0,4,,2025-05-07 16:13:07
하이브,하이브,352820.0,8,,2025-05-07 16:13:15
271560,오리온,271560.0,8,,2025-05-07 16:13:30
218410,RFHIC,218410.0,7,,2025-05-07 16:13:36
014830,유니드,14830.0,5,,2025-05-07 16:13:42
057050,현대홈쇼핑,57050.0,4,,2025-05-07 16:13:47
073010,케이에스피,73010.0,5,,2025-05-07 16:13:52
214430,아이쓰리시스템,214430.0,8,,2025-05-07 16:13:59
003570,SNT다이내믹스,3570.0,8,,2025-05-07 16:14:03
000150,두산,150.0,8,,2025-05-07 16:14:14
007660,이수페타시스,7660.0,5,,2025-05-07 16:14:18
051900,LG생활건강,51900.0,1,,2025-05-07 16:14:23
012330,현대모비스,12330.0,6,,2025-05-07 16:14:27
004370,농심,4370.0,4,,2025-05-07 16:14:36
005850,에스엘,5850.0,1,,2025-05-07 16:14:41
294870,HDC현대산업개발,294870.0,7,,2025-05-07 16:14:46
192820,코스맥스,192820.0,7,,2025-05-07 16:14:52
016360,삼성증권,16360.0,8,,2025-05-07 16:14:56
139130,iM금융지주,139130.0,8,,2025-05-07 16:15:00
316140,우리금융지주,316140.0,8,,2025-05-07 16:15:04
030000,제일기획,30000.0,4,,2025-05-07 16:15:08
032640,LG유플러스,32640.0,7,,2025-05-07 16:15:13
259960,크래프톤,259960.0,8,,2025-05-07 16:15:20
005290,동진쎄미켐,5290.0,5,,2025-05-07 16:15:25
012750,에스원,12750.0,7,,2025-05-07 16:15:29
069620,대웅제약,69620.0,7,,2025-05-07 16:15:32
30,,,0,종목을 찾을 수 없습니다. 정확히 입력하거나 자동완성에서 선택해 주세요.,2025-05-07 16:15:35
009830,한화솔루션,9830.0,6,,2025-05-07 16:15:40
175330,JB금융지주,175330.0,5,,2025-05-07 16:15:45
105560,KB금융,105560.0,7,,2025-05-07 16:15:49
015760,한국전력,15760.0,8,,2025-05-07 16:15:54
484870,,,0,RS 데이터가 없습니다.,2025-05-07 16:16:00
473980,,,0,RS 데이터가 없습니다.,2025-05-07 16:16:04
삼성전자,삼성전자,5930.0,0,,2025-05-07 23:43:56
삼성전자,삼성전자,5930.0,0,,2025-05-07 23:43:58
sk하이닉스,이닉스,452400.0,0,,2025-05-07 23:44:49
SK하이닉스,SK하이닉스,660.0,4,,2025-05-07 23:44:50
알테오젠,알테오젠,196170.0,6,,2025-05-08 00:16:27
올릭스,올릭스,226950.0,8,,2025-05-08 00:16:36
한화,한화,880.0,8,,2025-05-08 00:22:49
산일전기,,,0,RS 데이터가 없습니다.,2025-05-08 00:42:12
산일전기,,,0,RS 데이터가 없습니다.,2025-05-08 00:42:19
산일전기,,,0,RS 데이터가 없습니다.,2025-05-08 00:42:26
산일전기,,,0,RS 데이터가 없습니다.,2025-05-08 00:42:27
산일전기,,,0,RS 데이터가 없습니다.,2025-05-08 00:42:37
산일전기,,,0,RS 데이터가 없습니다.,2025-05-08 00:42:38
한화오션,한화오션,42660.0,8,,2025-05-08 00:42:45
한화오션,한화오션,42660.0,8,,2025-05-08 00:42:47
산일전기,,,0,RS 데이터가 없습니다.,2025-05-08 00:42:57
한텍,,,0,RS 데이터가 없습니다.,2025-05-08 00:44:42
인화정공,인화정공,101930.0,8,,2025-05-08 00:45:02
한화엔진,한화엔진,82740.0,8,,2025-05-08 00:46:43
HD현대마린엔진,HD현대마린엔진,71970.0,8,,2025-05-08 00:54:36
에이피알,에이피알,278470.0,7,,2025-05-08 01:38:40
에이피알,에이피알,278470.0,7,,2025-05-08 02:09:36
한화비전,,,0,RS 데이터가 없습니다.,2025-05-08 02:13:35
세경하이테크,세경하이테크,148150.0,2,,2025-05-08 03:52:37
세경하이테크,세경하이테크,148150.0,2,,2025-05-08 03:52:38
세경하이테크,세경하이테크,148150.0,2,,2025-05-08 03:52:40
파인엠텍,파인엠텍,441270.0,2,,2025-05-08 03:53:11
파인엠텍,파인엠텍,441270.0,2,,2025-05-08 03:53:12
율촌화학,율촌화학,8730.0,4,,2025-05-08 04:58:21
아이패밀리에스씨,아이패밀리에스씨,114840.0,2,,2025-05-08 04:58:47
아이패밀리에스씨,아이패밀리에스씨,114840.0,2,,2025-05-08 04:58:49
실리콘투,실리콘투,257720.0,4,,2025-05-08 04:59:05
알테오젠,알테오젠,196170.0,6,,2025-05-08 05:53:48
코미코,코미코,183300.0,5,,2025-05-08 06:07:40
Hmm,,,0,종목을 찾을 수 없습니다. 정확히 입력하거나 자동완성에서 선택해 주세요.,2025-05-08 06:57:28
HMM,HMM,11200.0,5,,2025-05-08 06:57:31
지엔씨에너지,지엔씨에너지,119850.0,8,,2025-05-08 08:29:55
유바이오,,,0,종목을 찾을 수 없습니다. 정확히 입력하거나 자동완성에서 선택해 주세요.,2025-05-08 08:30:03
유바이오로직스,유바이오로직스,206650.0,6,,2025-05-08 08:30:10
삼성전자,삼성전자,5930.0,0,,2025-05-08 08:31:19
웅진,웅진,16880.0,6,,2025-05-08 08:46:07
웅진,웅진,16880.0,6,,2025-05-08 08:46:08
펩트론,펩트론,87010.0,8,,2025-05-08 08:50:19
파인엠텍,파인엠텍,441270.0,2,,2025-05-08 09:49:43
유니온,유니온,910.0,5,,2025-05-08 11:31:44
코스맥스,코스맥스,192820.0,7,,2025-05-08 11:44:29
한미반도체,한미반도체,42700.0,1,,2025-05-08 11:49:39
한국콜마,한국콜마,161890.0,7,,2025-05-08 12:50:30
현대미포,,,0,종목을 찾을 수 없습니다. 정확히 입력하거나 자동완성에서 선택해 주세요.,2025-05-08 12:53:47
HD현대미포,HD현대미포,10620.0,8,,2025-05-08 12:53:56
140860,파크시스템스,140860.0,7,,2025-05-08 13:08:23
337930,젝시믹스,337930.0,3,,2025-05-08 13:08:31
094360,칩스앤미디어,94360.0,4,,2025-05-08 13:08:35
060720,KH바텍,60720.0,1,,2025-05-08 13:08:39
038010,제일테크노스,38010.0,1,,2025-05-08 13:08:43
027360,아주IB투자,27360.0,1,,2025-05-08 13:09:21
337930,젝시믹스,337930.0,3,,2025-05-08 13:09:29
094360,칩스앤미디어,94360.0,4,,2025-05-08 13:09:40
파인엠텍,파인엠텍,441270.0,2,,2025-05-08 13:41:00
파인엠텍,파인엠텍,441270.0,2,,2025-05-08 13:41:00
파인엠텍,파인엠텍,441270.0,2,,2025-05-08 13:41:02
LS마린솔루션,LS마린솔루션,60370.0,4,,2025-05-08 13:46:38
LS마린솔루션,LS마린솔루션,60370.0,4,,2025-05-08 13:46:43
한화엔진,한화엔진,82740.0,8,,2025-05-08 14:07:39
지앤비에스 에코,지앤비에스 에코,382800.0,3,,2025-05-08 14:12:01
쓰리빌리언,,,0,RS 데이터가 없습니다.,2025-05-08 15:02:50
